<?xml version="1.0" encoding="utf-8"?>
<modification>
    <code>00001</code>
    <name>Paylike Payments Modification</name>
    <version>1.3.0</version>
    <author>Ljupcho Prchkovski</author>
    <link>http://paylike.io</link>

    <file path="admin/controller/common/column_left.php">
        <operation>
            <search><![CDATA[if ($this->user->hasPermission('access', 'sale/recurring')) {]]></search>
            <add position="before"><![CDATA[
            // Paylike - OCMOD >>
            if ($this->user->hasPermission('access', 'extension/payment/paylike')) {
                if( version_compare(VERSION, '3.0.0.0', '>=') ) {
                    $sale[] = array(
                        'name'       => 'Paylike Payments',
                        'href'     => $this->url->link('extension/payment/paylike/payments', 'user_token=' . $this->session->data['user_token'], true),
                        'children' => array()
                    );
                }else{
                    $sale[] = array(
                        'name'       => 'Paylike Payments',
                        'href'     => $this->url->link('extension/payment/paylike/payments', 'token=' . $this->session->data['token'], true),
                        'children' => array()
                    );
                }
            }
            // << Paylike - OCMOD
            ]]></add>
        </operation>
    </file>

</modification>
